https://images.pexels.com/photos/268533/pexels-photo-268533.jpeg?dl=pexels-pixabay-268533.jpg,
https://images.pexels.com/photos/11013334/pexels-photo-11013334.jpeg?dl=pexels-photo-11013334.jpeg,
https://images.pexels.com/photos/1001437/pexels-photo-1001437.jpeg?dl=pexels-photo-1001437.jpeg,
https://images.pexels.com/photos/268533/pexels-photo-268533.jpeg?dl=pexels-pixabay-268533.jpg,
https://images.pexels.com/photos/11013334/pexels-photo-11013334.jpeg?dl=pexels-photo-11013334.jpeg,
https://images.pexels.com/photos/1001437/pexels-photo-1001437.jpeg?dl=pexels-photo-1001437.jpeg,
https://images.pexels.com/photos/268533/pexels-photo-268533.jpeg?dl=pexels-pixabay-268533.jpg,
https://images.pexels.com/photos/11013334/pexels-photo-11013334.jpeg?dl=pexels-photo-11013334.jpeg,
https://images.pexels.com/photos/1001437/pexels-photo-1001437.jpeg?dl=pexels-photo-1001437.jpeg,
https://images.pexels.com/photos/268533/pexels-photo-268533.jpeg?dl=pexels-pixabay-268533.jpg,
https://images.pexels.com/photos/11013334/pexels-photo-11013334.jpeg?dl=pexels-photo-11013334.jpeg,
https://images.pexels.com/photos/1001437/pexels-photo-1001437.jpeg?dl=pexels-photo-1001437.jpeg